{
    "accuracy": 0.9867424242424242,
    "precision": 0.986962256841775,
    "recall": 0.9867424242424242,
    "f1_score": 0.9866492352558909,
    "classification_report": {
        "bacterial_leaf_blight": {
            "precision": 1.0,
            "recall": 1.0,
            "f1-score": 1.0,
            "support": 88.0
        },
        "brown_spot": {
            "precision": 0.9879518072289156,
            "recall": 0.9318181818181818,
            "f1-score": 0.9590643274853801,
            "support": 88.0
        },
        "healthy": {
            "precision": 0.9777777777777777,
            "recall": 1.0,
            "f1-score": 0.9887640449438202,
            "support": 88.0
        },
        "leaf_blast": {
            "precision": 0.9560439560439561,
            "recall": 0.9886363636363636,
            "f1-score": 0.9720670391061452,
            "support": 88.0
        },
        "leaf_scald": {
            "precision": 1.0,
            "recall": 1.0,
            "f1-score": 1.0,
            "support": 88.0
        },
        "narrow_brown_spot": {
            "precision": 1.0,
            "recall": 1.0,
            "f1-score": 1.0,
            "support": 88.0
        },
        "accuracy": 0.9867424242424242,
        "macro avg": {
            "precision": 0.986962256841775,
            "recall": 0.9867424242424242,
            "f1-score": 0.986649235255891,
            "support": 528.0
        },
        "weighted avg": {
            "precision": 0.986962256841775,
            "recall": 0.9867424242424242,
            "f1-score": 0.9866492352558909,
            "support": 528.0
        }
    }
}
